<simulation mode="static" verbosity="low">
   <total_steps> 500000 </total_steps>
   <prng> <seed> 32342 </seed> </prng>
   <ffsocket name="lmp" mode="unix" pbc="true">
        <address> nid01945-nn-ih </address>
   </ffsocket>
   <system>
        <initialize nbeads="1"> 
            <file mode="xyz" units="angstrom"> min-Ih.xyz </file>
            <cell mode="abc" units="angstrom"> [ 3.12723057e+01, 2.91762933e+01, 2.70615120e+01 ] </cell>
        </initialize>
        <forces>
            <force forcefield="lmp"> </force>
        </forces>
        <motion mode="vibrations">
            <vibrations mode="fd">
                <pos_shift> 0.02 </pos_shift>
                <energy_shift> 0.02 </energy_shift>
                <prefix> ih </prefix>
                <asr> crystal </asr>
            </vibrations>
        </motion>
    </system>
</simulation>
