<simulation verbosity="high">
   <output prefix="simulation">
      <properties stride="4" filename="out"> [ step, time{picosecond}, temperature{kelvin}, conserved{electronvolt}, pot_component_raw(0), pressure_md{megapascal}] </properties>
      <properties stride="4" filename="kin"> [ step, kinetic_cv, kinetic_cv(H), kinetic_cv(O), kinetic_td, kinetic_td(H), kinetic_td(O)] </properties>
   <trajectory filename="pos" stride="4000" flush="4000"> positions </trajectory>
   <trajectory filename='frc' stride="4000" flush="4000">forces</trajectory>
   <checkpoint stride='40000' filename='chk'/>
   </output>
   <total_steps> 2000000 </total_steps>
   <total_time> 840000 </total_time>
   <prng><seed> 31415 </seed></prng>
   <ffsocket name="nn-1" mode="unix">
      <address> f401-nn </address>
   </ffsocket>
   <system>
      <initialize nbeads="64">
         <file mode="xyz" units="angstrom"> iceih-64.xyz </file>
         <cell mode="abc" units="angstrom">  [ 15.645677531128743, 14.707145294364101, 9.036518515423753 ] </cell>
         <velocities mode="thermal" units="kelvin"> 300 </velocities>
      </initialize>
      <forces>
          <force forcefield="nn-1"> </force>
      </forces>
      <motion mode="dynamics">
         <dynamics mode="npt">
            <timestep units="femtosecond"> 0.25 </timestep>
             <barostat mode="isotropic">
                 <tau units="femtosecond"> 200</tau>
                 <thermostat mode="langevin">
                      <tau units="femtosecond"> 100</tau>
                 </thermostat>
                 <h0> [ 30.0, 0, 0, 0, 29.0, 0, 0, 0, 18.0 ]</h0>
              </barostat>
      <thermostat mode="multi">
    <thermostat mode='gle'>
    <A shape='(7,7)'>
      [   1.533249866713e-4,    1.959322663379e-3,    1.985037928000e-4,    2.875616503110e-4,    9.755133676641e-5,   -3.804253355833e-6,   -6.054491052075e-5, 
   5.923968590672e-5,    8.074287740564e-3,   -5.866114407186e-3,    9.205222753267e-4,    6.719561547068e-4,   -1.586358554817e-4,    3.001262131518e-4, 
   2.875151223166e-4,    5.866114407186e-3,    2.700066729556e-3,    2.540395015664e-3,   -9.105477826198e-5,    5.787560270609e-4,   -1.199722081428e-3, 
  -2.941348166739e-4,   -9.205222753267e-4,   -2.540395015664e-3,    2.661656937342e-5,   -7.561619872520e-6,    6.900071995791e-5,    9.286574707341e-5, 
  -9.760913467896e-5,   -6.719561547068e-4,    9.105477826198e-5,    7.561619872520e-6,    1.402567678033e-7,   -2.284914639732e-5,   -7.913486492183e-6, 
   3.799719725490e-6,    1.586358554817e-4,   -5.787560270609e-4,   -6.900071995791e-5,    2.284914639732e-5,    4.476731731668e-8,    5.241513958367e-5, 
   6.054737769091e-5,   -3.001262131518e-4,    1.199722081428e-3,   -9.286574707341e-5,    7.913486492183e-6,   -5.241513958367e-5,   3.159953013350e-12
     ]
    </A>
  </thermostat>
      <thermostat mode="pile_g">
        <tau units="femtosecond">10</tau>
        <pile_lambda>0.1</pile_lambda>
      </thermostat>
      </thermostat>
         </dynamics>
      </motion>
      <ensemble>
         <temperature units="kelvin"> 273 </temperature>
         <pressure units="megapascal"> 0.1 </pressure>
      </ensemble>
   </system>
</simulation>
